prompt,response
What is Kurated Framing? ,The Kurated Framing course is a set of lessons and exercises to train you on top-down business communication.  
Are there any pre-requisites to start this course?  ,"There are no pre-requisites required to enroll in Kurated Framing. If you communicate professionally through emails, presentations, memos, meetings, reports, or 1:1s, you can benefit from Kurated Framing’s approach to executive communication.  "
Do I get anything after completing a course?  ,You have the option to receive a LinkedIn certificate after you have completed the course.  
How long will it take to finish Kurated Framing?,"Kurated Framing includes 12+ hours of content. The Kurated course takes ~8 hours to complete, including 50+ lessons supporting 50+ exercises. After completion of the Kurated course, you can continue your journey working through additional lessons and challenging, real-world simulations. These capstone exercises will apply Kurated Framing concepts across a variety of scenarios, helping you consolidate your skills further.  "
How long is my purchase valid for? ,You have lifetime access to the Kurated Framing course and starter pack of Simulations. 
How will I learn on the Kurated platform?,"Kurated’sengaging video lessons and interactive exercises are built for self-paced learning. You will gain in-depth understanding through clear instruction, practical exercises, and expert feedback .  "
Can I get a free trial of Kurated products?  ,Please review our Product pages for more information on each Kurated course and offering. You can also sign up for a free account to get access to additional free content and an additional product preview. 
Can I get a refund? ,"We want you to be happy with your Kurated purchase. Please reach out to us at team@kurated.ai, and we’ll try to make it right. Refund requests are evaluated individually. Your satisfaction is our priority, and we'll work diligently to assist you.  "
What is Kurated.ai?,Kurated.ai is an innovative platform that offers comprehensive training and tools to develop and enhance your interpersonal communication skills. We help individuals and organizations stay ahead of the game and future-proof their careers by providing strategies and resources for success. 
How can Kurated.ai help me develop my interpersonal communication skills?,"Kurated.ai, we believe in mastering the art of communication. We provide a range of tools, techniques, and strategies to help you improve your communication abilities, both in personal and professional settings. Our curated content and training programs are designed to empower you with the skills necessary to effectively connect, engage, and influence others. "
Why should I choose Kurated.ai to future-proof my career?,"In today's rapidly changing world, strong interpersonal communication skills are vital for career success. Kurated.ai offers the resources and training you need to adapt and thrive in any professional environment. By investing in your communication skills through Kurated.ai, you're ensuring that you're prepared for the challenges of the future and equipped to seize new opportunities."
What does Kurated.ai offer in terms of emotional intelligence training?,"Emotional intelligence is a critical aspect of effective communication and leadership. Kurated.ai provides specialized training in emotional intelligence to help you understand, manage, and leverage emotions for improved relationships and decision-making. Our courses and resources will enable you to stay ahead of the curve by developing and honing your emotional intelligence skills. "
How can Kurated.ai help me achieve my goals?,"Kurated.ai offers leadership development programs that empower you to achieve your goals and unlock your full potential. Our comprehensive training equips you with the necessary skills to lead yourself and others effectively, navigate challenges, and drive success. With Kurated.ai, you can enhance your leadership capabilities and accelerate your path to achieving your aspirations. "
How does Kurated.ai help build stronger teams?,"Effective interpersonal communication is the foundation of strong teamwork. Kurated.ai's product is designed to develop and enhance interpersonal communication skills within teams. Our tools and resources enable team members to better understand each other, collaborate more effectively, and build a culture of open and productive communication. "
Can Kurated.ai help with communication during change initiatives?,"Absolutely! Change initiatives require effective communication to succeed. Kurated.ai offers specialized training and strategies to help you lead successful change initiatives. Our programs provide you with the tools and techniques to communicate change, manage resistance, and ensure a smooth transition for your organization. "